Q#,Question,Option 1,Option 1 RIASEC Type,Option 2,Option 2 RIASEC Type,Option 3,Option 3 RIASEC Type,Option 4,Option 4 RIASEC Type,Option 5,Option 5 RIASEC Type,Option 6,Option 6 RIASEC Type
1,It's a free Saturday afternoon with no plans. What are you most likely to do?,Take apart an old gadget or fix something broken around the house,R,Watch a documentary or read about a topic you're curious about,I,"Draw, write, make music, or work on a creative project",A,Hang out with friends or volunteer for something,S,Plan a small side-hustle idea or organize an event,E,"Organize your room, files, or plan out your week",C
2,Your school is starting a new club and you get to pick which one to join. Which sounds most fun?,Robotics or automobile club,R,Science or math olympiad club,I,"Drama, art, or music club",A,Community service or peer-counselling club,S,"Debate, Model UN, or student business club",E,Student council or event-planning committee,C
3,A group project is assigned and you get to pick your role. Which would you choose?,Building the physical model or prototype,R,Researching facts and data to back up the project,I,"Designing the visuals, poster, or creative presentation",A,Coordinating the team and making sure everyone's heard,S,Pitching the final idea and convincing the class,E,"Keeping track of deadlines, tasks, and the final report",C
4,Which of these school subjects do you look forward to the most?,"Workshop, woodwork, or a hands-on lab session",R,"Physics, chemistry, or biology theory classes",I,"Art, music, or creative writing",A,Any class with group discussions or helping classmates,S,"Business studies, economics, or entrepreneurship",E,"Accounts, computer applications, or anything with clear steps to follow",C
5,"You're given ₹5,000 and told to use it however you like this weekend. What do you do?",Buy tools or parts to build/fix something,R,Buy books or a course to learn something new,I,"Buy art supplies, an instrument, or camera gear",A,Spend it treating friends or donate part of it,S,Try to turn it into more money through a small venture,E,Save it carefully and track exactly where it goes,C
6,Which of these YouTube channels would you binge-watch the most?,"DIY builds, car mods, or engineering marvels",R,Science explainers or space/tech deep-dives,I,"Art tutorials, short films, or music covers",A,Vlogs about helping people or social causes,S,"Startup stories, stock market, or business breakdowns",E,"Productivity, organization, or study-technique channels",C
7,"When working on a group assignment, what frustrates you the most?",Not being allowed to actually build or test anything hands-on,R,Not having enough time to research properly before deciding,I,Being forced to follow a rigid format with no room for originality,A,Teammates who don't listen to each other,S,Nobody taking charge or making decisions,E,Messy planning with no clear structure or deadlines,C
8,Pick the summer internship/experience you'd be most excited about:,Shadowing an engineer on a construction or factory site,R,Assisting in a science or research lab,I,"Interning at a design studio, film set, or ad agency",A,"Volunteering at a hospital, NGO, or school",S,"Interning at a startup, learning how a business runs",E,Working in office administration or accounts,C
9,Which kind of puzzle or challenge do you enjoy the most?,Assembling furniture or fixing something mechanical,R,A tricky math or logic problem,I,A blank canvas or an open-ended creative prompt,A,Mediating an argument between two friends,S,Negotiating a better deal or convincing someone,E,A detailed spreadsheet or scheduling puzzle,C
10,Your friends would probably describe you as the one who...,Can fix or build almost anything,R,Always knows random facts and asks 'but why?',I,Has the best ideas for anything creative,A,Everyone goes to when they need to talk,S,Can convince anyone to do anything,E,Keeps the group plans organized and on schedule,C
11,"If you had to give a class presentation, which topic would you pick?",How a bridge or engine is built,R,A recent scientific discovery,I,"Your favourite film, artist, or design trend",A,A social issue you care about,S,A business or brand you find impressive,E,A step-by-step guide to something (e.g. managing money),C
12,Which of these part-time jobs would you enjoy the most (ignoring pay)?,Working at an auto garage or electronics repair shop,R,Assisting a researcher or lab technician,I,Working at a design studio or content creation house,A,Being a camp counsellor or tutor for younger kids,S,Working in sales or helping run a small shop,E,Working as a receptionist or data-entry assistant,C
13,Which of these could you happily do for a whole day?,"Repairing a cycle, motor or household appliance",R,Doing experiments to find out why something happens,I,"Painting, writing, or making a short video",A,Teaching or helping someone learn something new,S,Running a stall at a school fair and selling,E,Sorting out a messy cupboard or a set of records,C
14,Pick the museum or exhibition you'd most want to visit:,A science and technology museum with machines to try,R,A planetarium or natural history museum,I,An art gallery or design exhibition,A,A museum about history and human stories,S,An expo showcasing startups and new products,E,An exhibition on how large systems (like cities) are organized,C
15,"At a family function, what are you most likely doing?","Helping set up the lights, tent or sound system",R,"Asking elders how something works, or how things used to be",I,"Decorating, doing mehendi, or taking the photos",A,Looking after the younger kids or the elders,S,Organising the games or bargaining with the caterer,E,"Keeping track of the guest list, gifts or expenses",C
16,Which of these would you most like to meet at a career day in school?,"An engineer who builds machines, bridges or engines",R,A scientist or researcher,I,"A designer, artist or filmmaker",A,"A doctor, teacher or social worker",S,An entrepreneur or business leader,E,An accountant or administrator,C
17,Which magazine or subject would you subscribe to if you could pick only one?,A DIY/engineering/automobile magazine,R,A science and discovery magazine,I,"An art, design, or entertainment magazine",A,"A magazine about people, culture, and society",S,A business and finance magazine,E,"A magazine about productivity, systems, and how things are organized",C
18,"When solving a problem, what's your natural instinct?",Try it physically and see what works,R,Research and think it through carefully first,I,"Look for a fresh, original way to approach it",A,Ask others for their input and feelings on it,S,Decide quickly and take charge,E,Make a checklist and follow it step by step,C
19,Pick the school trip you'd be most excited for:,A visit to a factory or engineering site,R,A visit to a research institute or observatory,I,A visit to an art/film/theatre festival,A,A community service trip to a village or shelter,S,A visit to a stock exchange or company headquarters,E,A visit to a government office or planning department,C
20,"Ten years from now, what would make you feel most fulfilled at work?",Building or maintaining something tangible that works well,R,Discovering or understanding something new,I,Creating work that expresses your own ideas,A,Knowing you've genuinely helped people,S,Having built something (a business/team) from scratch,E,Running things so well that everything is dependable and in order,C
